{"sliderTypes":[0,1,2],"sliderValues":[0.41016098856925967,0.5758259296417236,0.3934139907360077],"toggleTypes":[0,1,2],"toggleValues":[true,false,false],"leadBoardNames":["","","","","","","","","",""],"leaderBoardScore":[0,0,0,0,0,0,0,0,0,0]}