{"sliderTypes":[0,1,2],"sliderValues":[0.3528475761413574,0.39758145809173586,0.6463415622711182],"toggleTypes":[0,1,2],"toggleValues":[true,false,true],"leadBoardNames":["","","","","","","","","",""],"leaderBoardScore":[0,0,0,0,0,0,0,0,0,0],"SkipTutorial":false}