{"sliderTypes":[0,1,2],"sliderValues":[0.5638112425804138,0.7812432646751404,0.37031304836273196],"toggleTypes":[0,1,2],"toggleValues":[true,false,false],"leadBoardNames":["","","","","","","","","",""],"leaderBoardScore":[0,0,0,0,0,0,0,0,0,0]}