{"sliderTypes":[0,1,2],"sliderValues":[0.7950001358985901,0.5614746809005737,0.24713537096977235],"toggleTypes":[0,1,2],"toggleValues":[true,false,true],"leadBoardNames":["","","","","","","","","",""],"leaderBoardScore":[0,0,0,0,0,0,0,0,0,0]}