{"sliderTypes":[0,1,2],"sliderValues":[0.49313831329345705,0.8397728800773621,0.6444275379180908],"toggleTypes":[0,1,2],"toggleValues":[true,false,false],"leadBoardNames":["","","","","","","","","",""],"leaderBoardScore":[0,0,0,0,0,0,0,0,0,0]}