{"sliderTypes":[0,1,2],"sliderValues":[0.4899940490722656,0.36189812421798708,0.6967304944992065],"toggleTypes":[0,1,2],"toggleValues":[false,false,true],"leadBoardNames":["","","","","","","","","",""],"leaderBoardScore":[0,0,0,0,0,0,0,0,0,0]}