{"sliderTypes":[0,1,2],"sliderValues":[0.3299344480037689,0.686636745929718,0.23575961589813233],"toggleTypes":[0,1,2],"toggleValues":[true,false,true],"leadBoardNames":["","","","","","","","","",""],"leaderBoardScore":[0,0,0,0,0,0,0,0,0,0]}