{"sliderTypes":[0,1,2],"sliderValues":[0.7950001358985901,0.3046421706676483,0.6327375769615173],"toggleTypes":[0,1,2],"toggleValues":[true,false,false],"leadBoardNames":["","","","","","","","","",""],"leaderBoardScore":[0,0,0,0,0,0,0,0,0,0]}