{"sliderTypes":[0,1,2],"sliderValues":[0.605555534362793,0.7986923456192017,0.7972546815872192],"toggleTypes":[0,1,2],"toggleValues":[true,false,true],"leadBoardNames":["","","","","","","","","",""],"leaderBoardScore":[0,0,0,0,0,0,0,0,0,0]}