{"sliderTypes":[0,1,2],"sliderValues":[0.6761700510978699,0.3926052451133728,0.7972546815872192],"toggleTypes":[0,1,2],"toggleValues":[true,false,true],"leadBoardNames":["","","","","","","","","",""],"leaderBoardScore":[0,0,0,0,0,0,0,0,0,0]}