{"sliderTypes":[0,1,2],"sliderValues":[0.5261045098304749,0.4222683608531952,0.7584805488586426],"toggleTypes":[0,1,2],"toggleValues":[true,false,false],"leadBoardNames":["","","","","","","","","",""],"leaderBoardScore":[0,0,0,0,0,0,0,0,0,0]}